development-1	TRUE	FALSE
development-2	TRUE	FALSE
development-3	FALSE	TRUE
development-4	FALSE	TRUE
development-5	FALSE	TRUE
development-6	TRUE	FALSE
development-7	FALSE	FALSE
development-8	FALSE	TRUE
development-9	FALSE	TRUE
development-10	TRUE	FALSE
development-11	FALSE	TRUE
development-12	TRUE	FALSE
development-13	TRUE	FALSE
development-14	TRUE	FALSE
development-15	TRUE	FALSE
development-16	FALSE	FALSE
development-17	TRUE	FALSE
development-18	FALSE	FALSE
development-19	FALSE	TRUE
development-20	FALSE	TRUE
development-21	FALSE	TRUE
development-22	TRUE	FALSE
development-23	TRUE	FALSE
development-24	FALSE	TRUE
development-25	TRUE	FALSE
development-26	FALSE	TRUE
development-27	FALSE	TRUE
development-28	TRUE	FALSE
development-29	FALSE	FALSE
development-30	TRUE	FALSE
development-31	FALSE	TRUE
development-32	FALSE	FALSE
development-33	FALSE	TRUE
development-34	FALSE	FALSE
development-35	TRUE	FALSE
development-36	TRUE	FALSE
development-37	FALSE	TRUE
development-38	FALSE	TRUE
development-39	TRUE	FALSE
development-40	TRUE	FALSE
development-41	FALSE	TRUE
development-42	TRUE	FALSE
development-43	FALSE	TRUE
development-44	FALSE	TRUE
development-45	FALSE	TRUE
development-46	FALSE	FALSE
development-47	FALSE	FALSE
development-48	FALSE	TRUE
development-49	TRUE	FALSE
development-50	FALSE	FALSE
development-51	FALSE	TRUE
development-52	FALSE	TRUE
development-53	FALSE	TRUE
development-54	FALSE	TRUE
development-55	FALSE	TRUE
development-56	FALSE	FALSE
development-57	FALSE	TRUE
development-58	TRUE	FALSE
development-59	TRUE	FALSE
development-60	TRUE	FALSE
development-61	FALSE	TRUE
development-62	TRUE	FALSE
development-63	FALSE	TRUE
development-64	FALSE	TRUE
development-65	FALSE	TRUE
development-66	FALSE	TRUE
development-67	TRUE	FALSE
development-68	FALSE	FALSE
development-69	FALSE	TRUE
development-70	TRUE	FALSE
development-71	FALSE	TRUE
development-72	TRUE	FALSE
development-73	FALSE	TRUE
development-74	TRUE	FALSE
development-75	FALSE	TRUE
development-76	TRUE	FALSE
development-77	FALSE	TRUE
development-78	FALSE	TRUE
development-79	FALSE	FALSE
development-80	FALSE	TRUE
development-81	FALSE	FALSE
development-82	TRUE	FALSE
development-83	FALSE	TRUE
development-84	FALSE	TRUE
development-85	TRUE	FALSE
development-86	TRUE	FALSE
development-87	TRUE	FALSE
development-88	TRUE	FALSE
development-89	FALSE	FALSE
development-90	TRUE	FALSE
development-91	FALSE	TRUE
development-92	FALSE	TRUE
development-93	FALSE	FALSE
development-94	TRUE	FALSE
development-95	TRUE	FALSE
development-96	TRUE	FALSE
development-97	FALSE	TRUE
development-98	FALSE	FALSE
development-99	TRUE	FALSE
development-100	FALSE	FALSE
development-101	TRUE	FALSE
development-102	FALSE	FALSE
development-103	FALSE	TRUE
development-104	TRUE	FALSE
development-105	TRUE	FALSE
development-106	TRUE	FALSE
development-107	TRUE	FALSE
development-108	FALSE	TRUE
development-109	TRUE	FALSE
development-110	FALSE	TRUE
development-111	TRUE	FALSE
development-112	TRUE	FALSE
development-113	FALSE	FALSE
development-114	FALSE	TRUE
development-115	FALSE	FALSE
development-116	FALSE	TRUE
development-117	TRUE	FALSE
development-118	TRUE	FALSE
development-119	FALSE	TRUE
development-120	TRUE	FALSE
development-121	FALSE	TRUE
development-122	FALSE	FALSE
development-123	FALSE	FALSE
development-124	TRUE	FALSE
development-125	FALSE	TRUE
development-126	FALSE	TRUE
development-127	FALSE	TRUE
development-128	FALSE	TRUE
development-129	TRUE	FALSE
development-130	TRUE	FALSE
development-131	FALSE	TRUE
development-132	TRUE	FALSE
development-133	TRUE	FALSE
development-134	FALSE	TRUE
development-135	FALSE	TRUE
development-136	TRUE	FALSE
development-137	TRUE	FALSE
development-138	FALSE	TRUE
development-139	TRUE	FALSE
development-140	FALSE	TRUE
development-141	TRUE	FALSE
development-142	FALSE	FALSE
development-143	TRUE	FALSE
development-144	FALSE	TRUE
development-145	TRUE	FALSE
development-146	TRUE	FALSE
development-147	FALSE	TRUE
development-148	FALSE	TRUE
development-149	FALSE	TRUE
development-150	FALSE	TRUE
development-151	TRUE	FALSE
development-152	FALSE	TRUE
development-153	TRUE	FALSE
development-154	FALSE	TRUE
development-155	TRUE	FALSE
development-156	FALSE	FALSE
development-157	FALSE	TRUE
development-158	TRUE	FALSE
development-159	TRUE	FALSE
development-160	TRUE	FALSE
development-161	TRUE	FALSE
development-162	FALSE	TRUE
development-163	TRUE	FALSE
development-164	TRUE	FALSE
development-165	FALSE	TRUE
development-166	FALSE	TRUE
development-167	TRUE	FALSE
development-168	FALSE	TRUE
development-169	FALSE	TRUE
development-170	TRUE	FALSE
development-171	TRUE	FALSE
development-172	FALSE	TRUE
development-173	TRUE	FALSE
development-174	TRUE	FALSE
development-175	TRUE	FALSE
development-176	FALSE	TRUE
development-177	FALSE	TRUE
development-178	FALSE	TRUE
development-179	FALSE	FALSE
development-180	TRUE	FALSE
development-181	FALSE	FALSE
development-182	TRUE	FALSE
development-183	TRUE	FALSE
development-184	TRUE	FALSE
development-185	TRUE	FALSE
development-186	TRUE	FALSE
development-187	TRUE	FALSE
development-188	FALSE	TRUE
development-189	TRUE	FALSE
development-190	TRUE	FALSE
development-191	FALSE	FALSE
development-192	FALSE	TRUE
development-193	FALSE	TRUE
development-194	FALSE	TRUE
development-195	FALSE	TRUE
development-196	TRUE	FALSE
development-197	TRUE	FALSE
development-198	FALSE	TRUE
development-199	TRUE	FALSE
development-200	FALSE	TRUE
development-201	FALSE	FALSE
development-202	FALSE	TRUE
development-203	TRUE	FALSE
development-204	FALSE	TRUE
development-205	FALSE	TRUE
development-206	TRUE	FALSE
development-207	FALSE	TRUE
development-208	TRUE	FALSE
development-209	FALSE	TRUE
development-210	FALSE	TRUE
development-211	FALSE	TRUE
development-212	FALSE	TRUE
development-213	FALSE	TRUE
development-214	FALSE	TRUE
development-215	FALSE	TRUE
development-216	FALSE	TRUE
development-217	TRUE	FALSE
development-218	FALSE	TRUE
development-219	TRUE	FALSE
development-220	FALSE	TRUE
development-221	TRUE	FALSE
development-222	TRUE	FALSE
development-223	TRUE	FALSE
development-224	FALSE	FALSE
development-225	TRUE	FALSE
development-226	TRUE	FALSE
development-227	FALSE	TRUE
development-228	TRUE	FALSE
development-229	FALSE	TRUE
development-230	FALSE	TRUE
development-231	FALSE	TRUE
development-232	FALSE	TRUE
development-233	TRUE	FALSE
development-234	FALSE	FALSE
development-235	FALSE	TRUE
development-236	FALSE	TRUE
development-237	FALSE	TRUE
development-238	FALSE	TRUE
development-239	TRUE	FALSE
development-240	FALSE	FALSE
development-241	FALSE	TRUE
development-242	TRUE	FALSE
development-243	FALSE	TRUE
development-244	TRUE	FALSE
development-245	FALSE	FALSE
development-246	FALSE	TRUE
development-247	TRUE	FALSE
development-248	FALSE	TRUE
development-249	TRUE	FALSE
development-250	FALSE	TRUE
development-251	FALSE	TRUE
development-252	TRUE	FALSE
development-253	TRUE	FALSE
development-254	FALSE	TRUE
development-255	FALSE	FALSE
development-256	TRUE	FALSE
development-257	FALSE	FALSE
development-258	FALSE	TRUE
development-259	TRUE	FALSE
development-260	TRUE	FALSE
development-261	FALSE	TRUE
development-262	FALSE	TRUE
development-263	FALSE	TRUE
development-264	TRUE	FALSE
development-265	TRUE	FALSE
development-266	TRUE	FALSE
development-267	FALSE	TRUE
development-268	TRUE	FALSE
development-269	FALSE	TRUE
development-270	FALSE	TRUE
development-271	TRUE	FALSE
development-272	FALSE	TRUE
development-273	FALSE	TRUE
development-274	TRUE	FALSE
development-275	FALSE	TRUE
development-276	TRUE	FALSE
development-277	TRUE	FALSE
development-278	TRUE	FALSE
development-279	FALSE	TRUE
development-280	FALSE	FALSE
development-281	FALSE	TRUE
development-282	FALSE	TRUE
development-283	FALSE	TRUE
development-284	FALSE	TRUE
development-285	TRUE	FALSE
development-286	TRUE	FALSE
development-287	TRUE	FALSE
development-288	FALSE	TRUE
development-289	TRUE	FALSE
development-290	FALSE	TRUE
development-291	FALSE	TRUE
development-292	TRUE	FALSE
development-293	FALSE	TRUE
development-294	TRUE	FALSE
development-295	FALSE	TRUE
development-296	FALSE	TRUE
development-297	TRUE	FALSE
development-298	TRUE	FALSE
development-299	TRUE	FALSE
development-300	TRUE	FALSE
development-301	FALSE	TRUE
development-302	TRUE	FALSE
development-303	FALSE	TRUE
development-304	TRUE	FALSE
development-305	FALSE	TRUE
development-306	FALSE	TRUE
development-307	TRUE	FALSE
development-308	TRUE	FALSE
development-309	FALSE	TRUE
development-310	FALSE	TRUE
development-311	TRUE	FALSE
development-312	TRUE	FALSE
development-313	FALSE	TRUE
development-314	TRUE	FALSE
development-315	TRUE	FALSE
development-316	TRUE	FALSE
development-317	TRUE	FALSE
development-318	FALSE	TRUE
development-319	TRUE	FALSE
development-320	TRUE	FALSE
development-321	TRUE	FALSE
development-322	FALSE	TRUE
development-323	TRUE	FALSE
development-324	FALSE	TRUE
development-325	TRUE	FALSE
development-326	FALSE	TRUE
development-327	TRUE	FALSE
development-328	FALSE	TRUE
development-329	FALSE	TRUE
development-330	TRUE	FALSE
development-331	FALSE	TRUE
development-332	FALSE	TRUE
development-333	TRUE	FALSE
development-334	TRUE	FALSE
development-335	FALSE	FALSE
development-336	FALSE	FALSE
development-337	TRUE	FALSE
development-338	TRUE	FALSE
development-339	TRUE	FALSE
development-340	FALSE	TRUE
development-341	FALSE	FALSE
development-342	FALSE	TRUE
development-343	TRUE	FALSE
development-344	FALSE	TRUE
development-345	TRUE	FALSE
development-346	FALSE	TRUE
development-347	TRUE	FALSE
development-348	FALSE	TRUE
development-349	FALSE	FALSE
development-350	FALSE	FALSE
development-351	FALSE	FALSE
development-352	TRUE	FALSE
development-353	FALSE	TRUE
development-354	FALSE	TRUE
development-355	TRUE	FALSE
development-356	TRUE	FALSE
development-357	TRUE	FALSE
development-358	FALSE	FALSE
development-359	FALSE	TRUE
development-360	TRUE	FALSE
development-361	FALSE	TRUE
development-362	FALSE	TRUE
development-363	FALSE	TRUE
development-364	TRUE	FALSE
development-365	TRUE	FALSE
development-366	FALSE	TRUE
development-367	TRUE	FALSE
development-368	TRUE	FALSE
development-369	FALSE	FALSE
development-370	TRUE	FALSE
development-371	FALSE	TRUE
development-372	TRUE	FALSE
development-373	TRUE	FALSE
development-374	FALSE	TRUE
development-375	FALSE	FALSE
development-376	FALSE	TRUE
development-377	FALSE	FALSE
development-378	FALSE	TRUE
development-379	FALSE	TRUE
development-380	TRUE	FALSE
development-381	TRUE	FALSE
development-382	FALSE	TRUE
development-383	TRUE	FALSE
development-384	FALSE	TRUE
development-385	FALSE	TRUE
development-386	TRUE	FALSE
development-387	TRUE	FALSE
development-388	FALSE	TRUE
development-389	TRUE	FALSE
development-390	TRUE	FALSE
development-391	TRUE	FALSE
development-392	TRUE	FALSE
development-393	FALSE	TRUE
development-394	FALSE	TRUE
development-395	FALSE	FALSE
development-396	FALSE	TRUE
development-397	FALSE	TRUE
development-398	FALSE	TRUE
development-399	TRUE	FALSE
development-400	FALSE	FALSE
development-401	FALSE	TRUE
development-402	FALSE	TRUE
development-403	FALSE	TRUE
development-404	TRUE	FALSE
development-405	FALSE	FALSE
development-406	TRUE	FALSE
development-407	FALSE	FALSE
development-408	TRUE	FALSE
development-409	TRUE	FALSE
development-410	TRUE	FALSE
development-411	TRUE	FALSE
development-412	TRUE	FALSE
development-413	FALSE	FALSE
development-414	TRUE	FALSE
development-415	FALSE	TRUE
development-416	FALSE	TRUE
development-417	TRUE	FALSE
development-418	FALSE	FALSE
development-419	TRUE	FALSE
development-420	TRUE	FALSE
development-421	TRUE	FALSE
development-422	TRUE	FALSE
development-423	TRUE	FALSE
development-424	TRUE	FALSE
development-425	TRUE	FALSE
development-426	FALSE	TRUE
development-427	FALSE	FALSE
development-428	TRUE	FALSE
development-429	FALSE	FALSE
development-430	TRUE	FALSE
development-431	FALSE	TRUE
development-432	FALSE	TRUE
development-433	TRUE	FALSE
development-434	TRUE	FALSE
development-435	FALSE	TRUE
development-436	FALSE	TRUE
development-437	TRUE	FALSE
development-438	FALSE	TRUE
development-439	FALSE	FALSE
development-440	FALSE	TRUE
development-441	TRUE	FALSE
development-442	FALSE	TRUE
development-443	FALSE	TRUE
development-444	TRUE	FALSE
development-445	FALSE	TRUE
development-446	FALSE	TRUE
development-447	TRUE	FALSE
development-448	FALSE	TRUE
development-449	FALSE	TRUE
development-450	TRUE	FALSE
development-451	FALSE	TRUE
development-452	TRUE	FALSE
development-453	FALSE	FALSE
development-454	FALSE	TRUE
development-455	FALSE	TRUE
development-456	FALSE	TRUE
development-457	FALSE	TRUE
development-458	FALSE	TRUE
development-459	FALSE	TRUE
development-460	TRUE	FALSE
development-461	FALSE	TRUE
development-462	TRUE	FALSE
development-463	FALSE	TRUE
development-464	FALSE	TRUE
development-465	FALSE	TRUE
development-466	FALSE	TRUE
development-467	TRUE	FALSE
development-468	TRUE	FALSE
development-469	TRUE	FALSE
development-470	FALSE	TRUE
development-471	TRUE	FALSE
development-472	TRUE	FALSE
development-473	FALSE	TRUE
development-474	TRUE	FALSE
development-475	FALSE	TRUE
development-476	FALSE	TRUE
development-477	FALSE	TRUE
development-478	FALSE	TRUE
development-479	FALSE	TRUE
development-480	TRUE	FALSE
development-481	FALSE	TRUE
development-482	TRUE	FALSE
development-483	TRUE	FALSE
development-484	TRUE	FALSE
development-485	TRUE	FALSE
development-486	TRUE	FALSE
development-487	FALSE	FALSE
development-488	TRUE	FALSE
development-489	TRUE	FALSE
development-490	FALSE	TRUE
development-491	TRUE	FALSE
development-492	TRUE	FALSE
development-493	TRUE	FALSE
development-494	FALSE	TRUE
development-495	FALSE	TRUE
development-496	FALSE	TRUE
development-497	FALSE	TRUE
development-498	FALSE	TRUE
development-499	FALSE	TRUE
development-500	FALSE	TRUE
development-501	FALSE	FALSE
development-502	TRUE	FALSE
development-503	TRUE	FALSE
development-504	FALSE	TRUE
development-505	FALSE	FALSE
development-506	TRUE	FALSE
development-507	FALSE	TRUE
development-508	FALSE	TRUE
development-509	FALSE	TRUE
development-510	TRUE	FALSE
development-511	TRUE	FALSE
development-512	TRUE	FALSE
development-513	TRUE	FALSE
development-514	FALSE	FALSE
development-515	TRUE	FALSE
development-516	FALSE	TRUE
development-517	FALSE	TRUE
development-518	FALSE	TRUE
development-519	FALSE	TRUE
development-520	FALSE	TRUE
development-521	TRUE	FALSE
development-522	TRUE	FALSE
development-523	TRUE	FALSE
development-524	FALSE	TRUE
development-525	TRUE	FALSE
development-526	TRUE	FALSE
development-527	FALSE	TRUE
development-528	TRUE	FALSE
development-529	FALSE	FALSE
development-530	FALSE	FALSE
development-531	FALSE	TRUE
development-532	FALSE	FALSE
development-533	FALSE	TRUE
development-534	FALSE	TRUE
development-535	FALSE	FALSE
development-536	FALSE	TRUE
development-537	FALSE	TRUE
development-538	TRUE	FALSE
development-539	FALSE	TRUE
development-540	FALSE	TRUE
development-541	FALSE	FALSE
development-542	TRUE	FALSE
development-543	TRUE	FALSE
development-544	FALSE	TRUE
development-545	FALSE	TRUE
development-546	TRUE	FALSE
development-547	FALSE	TRUE
development-548	FALSE	TRUE
development-549	FALSE	TRUE
development-550	TRUE	FALSE
development-551	FALSE	TRUE
development-552	TRUE	FALSE
development-553	TRUE	FALSE
development-554	FALSE	TRUE
development-555	TRUE	FALSE
development-556	TRUE	FALSE
development-557	TRUE	FALSE
development-558	FALSE	FALSE
development-559	FALSE	TRUE
development-560	TRUE	FALSE
development-561	FALSE	TRUE
development-562	TRUE	FALSE
development-563	FALSE	TRUE
development-564	FALSE	TRUE
development-565	FALSE	FALSE
development-566	FALSE	TRUE
development-567	FALSE	TRUE
development-568	FALSE	TRUE
development-569	FALSE	TRUE
development-570	TRUE	FALSE
development-571	FALSE	TRUE
development-572	FALSE	TRUE
development-573	TRUE	FALSE
development-574	FALSE	TRUE
development-575	FALSE	TRUE
development-576	FALSE	TRUE
development-577	FALSE	TRUE
development-578	FALSE	TRUE
development-579	FALSE	TRUE
development-580	TRUE	FALSE
development-581	TRUE	FALSE
development-582	FALSE	FALSE
development-583	TRUE	FALSE
development-584	TRUE	FALSE
development-585	TRUE	FALSE
development-586	TRUE	FALSE
development-587	FALSE	TRUE
development-588	TRUE	FALSE
development-589	TRUE	FALSE
development-590	FALSE	TRUE
development-591	TRUE	FALSE
development-592	FALSE	TRUE
development-593	FALSE	TRUE
development-594	TRUE	FALSE
development-595	FALSE	TRUE
development-596	FALSE	TRUE
development-597	FALSE	TRUE
development-598	TRUE	FALSE
development-599	TRUE	FALSE
development-600	TRUE	FALSE
development-601	TRUE	FALSE
development-602	TRUE	FALSE
development-603	TRUE	FALSE
development-604	TRUE	FALSE
development-605	FALSE	TRUE
development-606	FALSE	TRUE
development-607	FALSE	TRUE
development-608	FALSE	TRUE
development-609	FALSE	TRUE
development-610	TRUE	FALSE
development-611	TRUE	FALSE
development-612	TRUE	FALSE
development-613	TRUE	FALSE
development-614	TRUE	FALSE
development-615	FALSE	TRUE
development-616	FALSE	TRUE
development-617	TRUE	FALSE
development-618	FALSE	TRUE
development-619	TRUE	FALSE
development-620	TRUE	FALSE
development-621	FALSE	TRUE
development-622	FALSE	TRUE
development-623	TRUE	FALSE
development-624	FALSE	TRUE
development-625	TRUE	FALSE
development-626	FALSE	TRUE
development-627	FALSE	TRUE
development-628	TRUE	FALSE
development-629	TRUE	FALSE
development-630	FALSE	TRUE
development-631	TRUE	FALSE
development-632	TRUE	FALSE
development-633	FALSE	FALSE
development-634	FALSE	TRUE
development-635	TRUE	FALSE
development-636	FALSE	TRUE
development-637	FALSE	TRUE
development-638	TRUE	FALSE
development-639	TRUE	FALSE
development-640	TRUE	FALSE
development-641	FALSE	TRUE
development-642	TRUE	FALSE
development-643	FALSE	TRUE
development-644	FALSE	TRUE
development-645	FALSE	TRUE
development-646	FALSE	TRUE
development-647	TRUE	FALSE
development-648	TRUE	FALSE
development-649	TRUE	FALSE
development-650	FALSE	TRUE
development-651	FALSE	TRUE
development-652	TRUE	FALSE
development-653	TRUE	FALSE
development-654	TRUE	FALSE
development-655	FALSE	TRUE
development-656	TRUE	FALSE
development-657	FALSE	FALSE
development-658	FALSE	TRUE
development-659	TRUE	FALSE
development-660	TRUE	FALSE
development-661	FALSE	TRUE
development-662	FALSE	FALSE
development-663	FALSE	TRUE
development-664	TRUE	FALSE
development-665	FALSE	TRUE
development-666	TRUE	FALSE
development-667	FALSE	TRUE
development-668	TRUE	FALSE
development-669	FALSE	FALSE
development-670	FALSE	TRUE
development-671	FALSE	TRUE
development-672	FALSE	TRUE
development-673	TRUE	FALSE
development-674	TRUE	FALSE
development-675	FALSE	TRUE
development-676	FALSE	FALSE
development-677	TRUE	FALSE
development-678	TRUE	FALSE
development-679	TRUE	FALSE
development-680	TRUE	FALSE
development-681	FALSE	TRUE
development-682	TRUE	FALSE
development-683	FALSE	TRUE
development-684	TRUE	FALSE
development-685	FALSE	TRUE
development-686	TRUE	FALSE
development-687	FALSE	TRUE
development-688	FALSE	FALSE
development-689	TRUE	FALSE
development-690	TRUE	FALSE
development-691	TRUE	FALSE
development-692	TRUE	FALSE
development-693	TRUE	FALSE
development-694	TRUE	FALSE
development-695	FALSE	TRUE
development-696	FALSE	TRUE
development-697	TRUE	FALSE
development-698	TRUE	FALSE
development-699	TRUE	FALSE
development-700	FALSE	TRUE
development-701	TRUE	FALSE
development-702	FALSE	TRUE
development-703	TRUE	FALSE
development-704	FALSE	TRUE
development-705	TRUE	FALSE
development-706	FALSE	TRUE
development-707	FALSE	TRUE
development-708	FALSE	TRUE
development-709	TRUE	FALSE
development-710	TRUE	FALSE
development-711	FALSE	TRUE
development-712	TRUE	FALSE
development-713	FALSE	TRUE
development-714	TRUE	FALSE
development-715	FALSE	TRUE
development-716	TRUE	FALSE
development-717	TRUE	FALSE
development-718	FALSE	TRUE
development-719	FALSE	TRUE
development-720	FALSE	TRUE
development-721	FALSE	FALSE
development-722	FALSE	TRUE
development-723	FALSE	TRUE
development-724	FALSE	TRUE
development-725	TRUE	FALSE
development-726	FALSE	TRUE
development-727	TRUE	FALSE
development-728	TRUE	FALSE
development-729	FALSE	TRUE
development-730	TRUE	FALSE
development-731	TRUE	FALSE
development-732	FALSE	TRUE
development-733	FALSE	FALSE
development-734	FALSE	FALSE
development-735	TRUE	FALSE
development-736	TRUE	FALSE
development-737	FALSE	TRUE
development-738	TRUE	FALSE
development-739	TRUE	FALSE
development-740	FALSE	TRUE
development-741	TRUE	FALSE
development-742	FALSE	TRUE
development-743	FALSE	TRUE
development-744	FALSE	TRUE
development-745	FALSE	TRUE
development-746	FALSE	FALSE
development-747	TRUE	FALSE
development-748	FALSE	TRUE
development-749	FALSE	TRUE
development-750	FALSE	TRUE
development-751	TRUE	FALSE
development-752	FALSE	TRUE
development-753	FALSE	TRUE
development-754	FALSE	TRUE
development-755	TRUE	FALSE
development-756	FALSE	TRUE
development-757	FALSE	TRUE
development-758	FALSE	TRUE
development-759	TRUE	FALSE
development-760	FALSE	TRUE
development-761	FALSE	TRUE
development-762	FALSE	TRUE
development-763	FALSE	TRUE
development-764	FALSE	TRUE
development-765	FALSE	TRUE
development-766	FALSE	TRUE
development-767	FALSE	TRUE
development-768	FALSE	TRUE
development-769	FALSE	TRUE
development-770	TRUE	FALSE
development-771	FALSE	TRUE
development-772	FALSE	TRUE
development-773	TRUE	FALSE
development-774	TRUE	FALSE
development-775	TRUE	FALSE
development-776	TRUE	FALSE
development-777	FALSE	TRUE
development-778	FALSE	TRUE
development-779	TRUE	FALSE
development-780	FALSE	TRUE
development-781	TRUE	FALSE
development-782	FALSE	TRUE
development-783	FALSE	TRUE
development-784	TRUE	FALSE
development-785	FALSE	FALSE
development-786	FALSE	TRUE
development-787	TRUE	FALSE
development-788	TRUE	FALSE
development-789	TRUE	FALSE
development-790	FALSE	TRUE
development-791	FALSE	TRUE
development-792	FALSE	TRUE
development-793	TRUE	FALSE
development-794	FALSE	TRUE
development-795	TRUE	FALSE
development-796	FALSE	TRUE
development-797	FALSE	TRUE
development-798	FALSE	TRUE
development-799	FALSE	TRUE
development-800	FALSE	TRUE
development-801	TRUE	FALSE
development-802	TRUE	FALSE
development-803	TRUE	FALSE
development-804	TRUE	FALSE
development-805	FALSE	TRUE
development-806	FALSE	TRUE
development-807	FALSE	TRUE
development-808	FALSE	TRUE
development-809	TRUE	FALSE
development-810	FALSE	TRUE
development-811	FALSE	TRUE
development-812	TRUE	FALSE
development-813	TRUE	FALSE
development-814	FALSE	TRUE
development-815	FALSE	TRUE
development-816	FALSE	FALSE
development-817	FALSE	TRUE
development-818	FALSE	TRUE
development-819	FALSE	TRUE
development-820	FALSE	TRUE
development-821	TRUE	FALSE
development-822	TRUE	FALSE
development-823	TRUE	FALSE
development-824	TRUE	FALSE
development-825	FALSE	TRUE
development-826	TRUE	FALSE
development-827	FALSE	TRUE
development-828	FALSE	TRUE
development-829	FALSE	TRUE
development-830	TRUE	FALSE
development-831	FALSE	TRUE
development-832	TRUE	FALSE
development-833	TRUE	FALSE
development-834	FALSE	FALSE
development-835	FALSE	FALSE
development-836	TRUE	FALSE
development-837	FALSE	TRUE
development-838	FALSE	TRUE
development-839	FALSE	FALSE
development-840	TRUE	FALSE
development-841	TRUE	FALSE
development-842	TRUE	FALSE
development-843	TRUE	FALSE
development-844	TRUE	FALSE
development-845	FALSE	TRUE
development-846	FALSE	TRUE
development-847	TRUE	FALSE
development-848	FALSE	FALSE
development-849	TRUE	FALSE
development-850	TRUE	FALSE
development-851	TRUE	FALSE
development-852	TRUE	FALSE
development-853	FALSE	TRUE
development-854	TRUE	FALSE
development-855	TRUE	FALSE
development-856	FALSE	TRUE
development-857	FALSE	TRUE
development-858	FALSE	TRUE
development-859	FALSE	TRUE
development-860	FALSE	TRUE
development-861	TRUE	FALSE
development-862	TRUE	FALSE
development-863	TRUE	FALSE
development-864	TRUE	FALSE
development-865	FALSE	TRUE
development-866	TRUE	FALSE
development-867	TRUE	FALSE
development-868	TRUE	FALSE
development-869	FALSE	TRUE
development-870	TRUE	FALSE
development-871	FALSE	TRUE
development-872	FALSE	TRUE
development-873	FALSE	FALSE
development-874	FALSE	FALSE
development-875	FALSE	TRUE
development-876	FALSE	TRUE
development-877	TRUE	FALSE
development-878	FALSE	TRUE
development-879	FALSE	TRUE
development-880	TRUE	FALSE
development-881	FALSE	TRUE
development-882	TRUE	FALSE
development-883	FALSE	FALSE
development-884	FALSE	TRUE
development-885	FALSE	TRUE
development-886	FALSE	FALSE
development-887	FALSE	TRUE
development-888	TRUE	FALSE
development-889	TRUE	FALSE
development-890	TRUE	FALSE
development-891	FALSE	TRUE
development-892	FALSE	TRUE
development-893	TRUE	FALSE
development-894	FALSE	TRUE
development-895	FALSE	TRUE
development-896	FALSE	TRUE
development-897	FALSE	TRUE
development-898	TRUE	FALSE
development-899	FALSE	TRUE
development-900	FALSE	TRUE
development-901	FALSE	FALSE
development-902	TRUE	FALSE
development-903	TRUE	FALSE
development-904	TRUE	FALSE
development-905	TRUE	FALSE
development-906	FALSE	FALSE
development-907	FALSE	TRUE
development-908	TRUE	FALSE
development-909	FALSE	TRUE
development-910	TRUE	FALSE
development-911	TRUE	FALSE
development-912	FALSE	TRUE
development-913	TRUE	FALSE
development-914	TRUE	FALSE
development-915	TRUE	FALSE
development-916	FALSE	FALSE
development-917	FALSE	TRUE
development-918	FALSE	FALSE
development-919	TRUE	FALSE
development-920	TRUE	FALSE
development-921	FALSE	TRUE
development-922	TRUE	FALSE
development-923	TRUE	FALSE
development-924	FALSE	FALSE
development-925	FALSE	TRUE
development-926	TRUE	FALSE
development-927	FALSE	FALSE
development-928	TRUE	FALSE
development-929	FALSE	TRUE
development-930	FALSE	TRUE
development-931	TRUE	FALSE
development-932	FALSE	TRUE
development-933	TRUE	FALSE
development-934	TRUE	FALSE
development-935	TRUE	FALSE
development-936	FALSE	TRUE
development-937	FALSE	FALSE
development-938	TRUE	FALSE
development-939	FALSE	TRUE
development-940	FALSE	TRUE
development-941	FALSE	TRUE
development-942	FALSE	FALSE
development-943	FALSE	TRUE
development-944	FALSE	TRUE
development-945	FALSE	TRUE
development-946	FALSE	TRUE
development-947	FALSE	TRUE
development-948	FALSE	TRUE
development-949	FALSE	TRUE
development-950	TRUE	FALSE
development-951	TRUE	FALSE
development-952	TRUE	FALSE
development-953	TRUE	FALSE
development-954	FALSE	TRUE
development-955	FALSE	TRUE
development-956	FALSE	TRUE
development-957	TRUE	FALSE
development-958	TRUE	FALSE
development-959	TRUE	FALSE
development-960	TRUE	FALSE
development-961	FALSE	TRUE
development-962	TRUE	FALSE
development-963	TRUE	FALSE
development-964	FALSE	TRUE
development-965	FALSE	TRUE
development-966	TRUE	FALSE
development-967	TRUE	FALSE
development-968	FALSE	TRUE
development-969	FALSE	FALSE
development-970	FALSE	TRUE
development-971	FALSE	TRUE
development-972	FALSE	TRUE
development-973	FALSE	TRUE
development-974	FALSE	TRUE
development-975	TRUE	FALSE
development-976	TRUE	FALSE
development-977	TRUE	FALSE
development-978	FALSE	TRUE
development-979	FALSE	TRUE
development-980	FALSE	TRUE
development-981	TRUE	FALSE
development-982	TRUE	FALSE
development-983	FALSE	FALSE
development-984	FALSE	TRUE
development-985	FALSE	FALSE
development-986	FALSE	TRUE
development-987	TRUE	FALSE
development-988	TRUE	FALSE
development-989	FALSE	FALSE
development-990	TRUE	FALSE
development-991	TRUE	FALSE
development-992	FALSE	TRUE
development-993	FALSE	TRUE
development-994	FALSE	TRUE
development-995	FALSE	TRUE
development-996	TRUE	FALSE
development-997	FALSE	FALSE
development-998	FALSE	TRUE
development-999	FALSE	FALSE
development-1000	TRUE	FALSE
development-1001	TRUE	FALSE
development-1002	TRUE	FALSE
development-1003	FALSE	TRUE
development-1004	TRUE	FALSE
development-1005	TRUE	FALSE
development-1006	FALSE	FALSE
development-1007	FALSE	FALSE
development-1008	FALSE	TRUE
development-1009	TRUE	FALSE
development-1010	FALSE	TRUE
development-1011	TRUE	FALSE
development-1012	FALSE	TRUE
development-1013	FALSE	FALSE
development-1014	TRUE	FALSE
development-1015	FALSE	TRUE
development-1016	TRUE	FALSE
development-1017	FALSE	TRUE
development-1018	FALSE	TRUE
development-1019	FALSE	TRUE
development-1020	FALSE	TRUE
development-1021	FALSE	TRUE
development-1022	FALSE	TRUE
development-1023	FALSE	TRUE
development-1024	TRUE	FALSE
development-1025	FALSE	TRUE
development-1026	TRUE	FALSE
development-1027	TRUE	FALSE
development-1028	FALSE	TRUE
development-1029	TRUE	FALSE
development-1030	FALSE	TRUE
development-1031	TRUE	FALSE
development-1032	TRUE	FALSE
development-1033	TRUE	FALSE
development-1034	FALSE	TRUE
development-1035	TRUE	FALSE
development-1036	FALSE	TRUE
development-1037	FALSE	TRUE
development-1038	FALSE	TRUE
development-1039	TRUE	FALSE
development-1040	FALSE	TRUE
development-1041	FALSE	TRUE
development-1042	FALSE	TRUE
development-1043	FALSE	TRUE
development-1044	FALSE	FALSE
development-1045	FALSE	TRUE
development-1046	TRUE	FALSE
development-1047	FALSE	FALSE
development-1048	TRUE	FALSE
development-1049	TRUE	FALSE
development-1050	FALSE	TRUE
development-1051	FALSE	TRUE
development-1052	FALSE	TRUE
development-1053	FALSE	TRUE
development-1054	TRUE	FALSE
development-1055	FALSE	TRUE
development-1056	TRUE	FALSE
development-1057	FALSE	TRUE
development-1058	TRUE	FALSE
development-1059	FALSE	TRUE
development-1060	FALSE	TRUE
development-1061	TRUE	FALSE
development-1062	TRUE	FALSE
development-1063	TRUE	FALSE
development-1064	FALSE	TRUE
development-1065	FALSE	TRUE
development-1066	TRUE	FALSE
development-1067	FALSE	TRUE
development-1068	FALSE	TRUE
development-1069	TRUE	FALSE
development-1070	FALSE	TRUE
development-1071	TRUE	FALSE
development-1072	FALSE	TRUE
development-1073	FALSE	TRUE
development-1074	TRUE	FALSE
development-1075	TRUE	FALSE
development-1076	FALSE	TRUE
development-1077	FALSE	TRUE
development-1078	TRUE	FALSE
development-1079	TRUE	FALSE
development-1080	TRUE	FALSE
development-1081	FALSE	TRUE
development-1082	FALSE	TRUE
development-1083	TRUE	FALSE
development-1084	TRUE	FALSE
development-1085	TRUE	FALSE
development-1086	TRUE	FALSE
development-1087	FALSE	TRUE
development-1088	FALSE	TRUE
development-1089	FALSE	FALSE
development-1090	FALSE	TRUE
development-1091	FALSE	TRUE
development-1092	TRUE	FALSE
development-1093	FALSE	TRUE
development-1094	TRUE	FALSE
development-1095	FALSE	TRUE
development-1096	FALSE	TRUE
development-1097	FALSE	TRUE
development-1098	FALSE	TRUE
development-1099	TRUE	FALSE
development-1100	TRUE	FALSE
development-1101	FALSE	TRUE
development-1102	FALSE	TRUE
development-1103	TRUE	FALSE
development-1104	FALSE	FALSE
development-1105	TRUE	FALSE
development-1106	FALSE	TRUE
development-1107	FALSE	TRUE
development-1108	TRUE	FALSE
development-1109	FALSE	TRUE
development-1110	FALSE	FALSE
development-1111	FALSE	TRUE
development-1112	FALSE	TRUE
development-1113	FALSE	TRUE
development-1114	TRUE	FALSE
development-1115	FALSE	TRUE
development-1116	TRUE	FALSE
development-1117	FALSE	TRUE
development-1118	FALSE	TRUE
development-1119	FALSE	TRUE
development-1120	FALSE	TRUE
development-1121	FALSE	TRUE
development-1122	TRUE	FALSE
development-1123	FALSE	TRUE
development-1124	FALSE	TRUE
development-1125	TRUE	FALSE
development-1126	TRUE	FALSE
development-1127	TRUE	FALSE
development-1128	FALSE	TRUE
development-1129	TRUE	FALSE
development-1130	FALSE	TRUE
development-1131	FALSE	FALSE
development-1132	TRUE	FALSE
development-1133	FALSE	TRUE
development-1134	FALSE	TRUE
development-1135	FALSE	TRUE
development-1136	FALSE	TRUE
development-1137	TRUE	FALSE
development-1138	TRUE	FALSE
development-1139	FALSE	TRUE
development-1140	TRUE	FALSE
development-1141	TRUE	FALSE
development-1142	TRUE	FALSE
development-1143	FALSE	TRUE
development-1144	FALSE	TRUE
development-1145	TRUE	FALSE
development-1146	FALSE	TRUE
development-1147	FALSE	FALSE
development-1148	TRUE	FALSE
development-1149	FALSE	TRUE
development-1150	TRUE	FALSE
development-1151	TRUE	FALSE
development-1152	FALSE	FALSE
development-1153	FALSE	TRUE
development-1154	FALSE	TRUE
development-1155	TRUE	FALSE
development-1156	TRUE	FALSE
development-1157	FALSE	TRUE
development-1158	FALSE	TRUE
development-1159	FALSE	TRUE
development-1160	TRUE	FALSE
development-1161	FALSE	FALSE
development-1162	TRUE	FALSE
development-1163	TRUE	FALSE
development-1164	FALSE	FALSE
development-1165	FALSE	TRUE
development-1166	FALSE	TRUE
development-1167	TRUE	FALSE
development-1168	FALSE	TRUE
development-1169	FALSE	TRUE
development-1170	TRUE	FALSE
development-1171	FALSE	FALSE
development-1172	FALSE	TRUE
development-1173	FALSE	TRUE
development-1174	FALSE	FALSE
development-1175	TRUE	FALSE
development-1176	TRUE	FALSE
development-1177	FALSE	TRUE
development-1178	TRUE	FALSE
development-1179	FALSE	TRUE
development-1180	TRUE	FALSE
development-1181	FALSE	FALSE
development-1182	FALSE	TRUE
development-1183	FALSE	FALSE
development-1184	FALSE	FALSE
development-1185	FALSE	TRUE
development-1186	FALSE	TRUE
development-1187	FALSE	TRUE
development-1188	TRUE	FALSE
development-1189	FALSE	TRUE
development-1190	FALSE	TRUE
development-1191	TRUE	FALSE
development-1192	FALSE	TRUE
development-1193	TRUE	FALSE
development-1194	TRUE	FALSE
development-1195	FALSE	FALSE
development-1196	TRUE	FALSE
development-1197	FALSE	TRUE
development-1198	FALSE	TRUE
development-1199	FALSE	TRUE
development-1200	FALSE	TRUE
development-1201	TRUE	FALSE
development-1202	TRUE	FALSE
development-1203	FALSE	TRUE
development-1204	TRUE	FALSE
development-1205	FALSE	TRUE
development-1206	FALSE	TRUE
development-1207	TRUE	FALSE
development-1208	TRUE	FALSE
development-1209	TRUE	FALSE
development-1210	FALSE	TRUE
development-1211	TRUE	FALSE
development-1212	FALSE	TRUE
development-1213	FALSE	TRUE
development-1214	FALSE	TRUE
development-1215	FALSE	TRUE
development-1216	FALSE	TRUE
development-1217	FALSE	TRUE
development-1218	TRUE	FALSE
development-1219	TRUE	FALSE
development-1220	FALSE	TRUE
development-1221	TRUE	FALSE
development-1222	TRUE	FALSE
development-1223	TRUE	FALSE
development-1224	FALSE	TRUE
development-1225	FALSE	TRUE
development-1226	FALSE	TRUE
development-1227	FALSE	TRUE
development-1228	FALSE	TRUE
development-1229	TRUE	FALSE
development-1230	FALSE	TRUE
development-1231	FALSE	FALSE
development-1232	FALSE	TRUE
development-1233	FALSE	TRUE
development-1234	FALSE	TRUE
development-1235	FALSE	TRUE
development-1236	FALSE	FALSE
development-1237	TRUE	FALSE
development-1238	FALSE	FALSE
development-1239	FALSE	TRUE
development-1240	FALSE	FALSE
development-1241	FALSE	TRUE
development-1242	FALSE	TRUE
development-1243	TRUE	FALSE
development-1244	FALSE	FALSE
development-1245	FALSE	TRUE
development-1246	FALSE	TRUE
development-1247	FALSE	TRUE
development-1248	FALSE	TRUE
development-1249	FALSE	FALSE
development-1250	TRUE	FALSE
development-1251	TRUE	FALSE
development-1252	FALSE	FALSE
development-1253	FALSE	FALSE
development-1254	TRUE	FALSE
development-1255	TRUE	FALSE
development-1256	FALSE	TRUE
development-1257	TRUE	FALSE
development-1258	TRUE	FALSE
development-1259	TRUE	FALSE
development-1260	FALSE	FALSE
development-1261	FALSE	FALSE
development-1262	FALSE	FALSE
development-1263	TRUE	FALSE
development-1264	FALSE	TRUE
development-1265	FALSE	FALSE
development-1266	FALSE	TRUE
development-1267	TRUE	FALSE
development-1268	TRUE	FALSE
development-1269	FALSE	TRUE
development-1270	TRUE	FALSE
development-1271	FALSE	FALSE
development-1272	TRUE	FALSE
development-1273	FALSE	FALSE
development-1274	TRUE	FALSE
development-1275	TRUE	FALSE
development-1276	TRUE	FALSE
development-1277	FALSE	TRUE
development-1278	TRUE	FALSE
development-1279	FALSE	TRUE
development-1280	TRUE	FALSE
development-1281	FALSE	TRUE
development-1282	TRUE	FALSE
development-1283	FALSE	FALSE
development-1284	TRUE	FALSE
development-1285	TRUE	FALSE
development-1286	TRUE	FALSE
development-1287	FALSE	TRUE
development-1288	TRUE	FALSE
development-1289	TRUE	FALSE
development-1290	FALSE	FALSE
development-1291	FALSE	FALSE
development-1292	TRUE	FALSE
development-1293	FALSE	TRUE
development-1294	TRUE	FALSE
development-1295	FALSE	TRUE
development-1296	TRUE	FALSE
development-1297	TRUE	FALSE
development-1298	TRUE	FALSE
development-1299	FALSE	FALSE
development-1300	FALSE	TRUE
development-1301	TRUE	FALSE
development-1302	FALSE	TRUE
development-1303	TRUE	FALSE
development-1304	FALSE	TRUE
development-1305	FALSE	FALSE
development-1306	TRUE	FALSE
development-1307	FALSE	TRUE
development-1308	FALSE	FALSE
development-1309	TRUE	FALSE
development-1310	TRUE	FALSE
development-1311	TRUE	FALSE
development-1312	TRUE	FALSE
development-1313	FALSE	TRUE
development-1314	FALSE	TRUE
development-1315	TRUE	FALSE
development-1316	FALSE	TRUE
development-1317	FALSE	TRUE
development-1318	FALSE	TRUE
development-1319	FALSE	TRUE
development-1320	FALSE	TRUE
development-1321	FALSE	TRUE
development-1322	FALSE	TRUE
development-1323	TRUE	FALSE
development-1324	FALSE	TRUE
development-1325	TRUE	FALSE
development-1326	TRUE	FALSE
development-1327	TRUE	FALSE
development-1328	FALSE	TRUE
development-1329	TRUE	FALSE
development-1330	FALSE	TRUE
development-1331	TRUE	FALSE
development-1332	FALSE	FALSE
development-1333	FALSE	TRUE
development-1334	TRUE	FALSE
development-1335	FALSE	TRUE
development-1336	TRUE	FALSE
development-1337	FALSE	TRUE
development-1338	TRUE	FALSE
development-1339	TRUE	FALSE
development-1340	TRUE	FALSE
development-1341	FALSE	TRUE
development-1342	FALSE	TRUE
development-1343	FALSE	TRUE
development-1344	TRUE	FALSE
development-1345	FALSE	TRUE
development-1346	FALSE	TRUE
development-1347	FALSE	TRUE
development-1348	FALSE	TRUE
development-1349	TRUE	FALSE
development-1350	FALSE	TRUE
development-1351	TRUE	FALSE
development-1352	TRUE	FALSE
development-1353	TRUE	FALSE
development-1354	FALSE	TRUE
development-1355	TRUE	FALSE
development-1356	TRUE	FALSE
development-1357	FALSE	TRUE
development-1358	TRUE	FALSE
development-1359	FALSE	TRUE
development-1360	TRUE	FALSE
development-1361	TRUE	FALSE
development-1362	TRUE	FALSE
development-1363	FALSE	TRUE
development-1364	TRUE	FALSE
development-1365	TRUE	FALSE
development-1366	FALSE	TRUE
development-1367	TRUE	FALSE
development-1368	TRUE	FALSE
development-1369	FALSE	TRUE
development-1370	FALSE	TRUE
development-1371	FALSE	TRUE
development-1372	TRUE	FALSE
development-1373	TRUE	FALSE
development-1374	FALSE	TRUE
development-1375	FALSE	FALSE
development-1376	TRUE	FALSE
development-1377	TRUE	FALSE
development-1378	TRUE	FALSE
development-1379	TRUE	FALSE
development-1380	TRUE	FALSE
development-1381	FALSE	TRUE
development-1382	FALSE	TRUE
development-1383	FALSE	TRUE
development-1384	FALSE	TRUE
development-1385	FALSE	TRUE
development-1386	TRUE	FALSE
development-1387	FALSE	TRUE
development-1388	FALSE	TRUE
development-1389	TRUE	FALSE
development-1390	TRUE	FALSE
development-1391	FALSE	FALSE
development-1392	FALSE	TRUE
development-1393	FALSE	TRUE
development-1394	TRUE	FALSE
development-1395	TRUE	FALSE
development-1396	TRUE	FALSE
development-1397	FALSE	FALSE
development-1398	FALSE	TRUE
development-1399	TRUE	FALSE
development-1400	TRUE	FALSE
development-1401	TRUE	FALSE
development-1402	TRUE	FALSE
development-1403	TRUE	FALSE
development-1404	TRUE	FALSE
development-1405	FALSE	TRUE
development-1406	FALSE	TRUE
development-1407	TRUE	FALSE
development-1408	FALSE	TRUE
development-1409	FALSE	FALSE
development-1410	FALSE	TRUE
development-1411	FALSE	TRUE
development-1412	TRUE	FALSE
development-1413	FALSE	TRUE
development-1414	TRUE	FALSE
development-1415	TRUE	FALSE
development-1416	TRUE	FALSE
development-1417	TRUE	FALSE
development-1418	TRUE	FALSE
development-1419	TRUE	FALSE
development-1420	FALSE	TRUE
development-1421	FALSE	TRUE
development-1422	FALSE	TRUE
development-1423	FALSE	TRUE
development-1424	FALSE	TRUE
development-1425	FALSE	TRUE
development-1426	FALSE	TRUE
development-1427	FALSE	FALSE
development-1428	TRUE	FALSE
development-1429	TRUE	FALSE
development-1430	FALSE	TRUE
development-1431	TRUE	FALSE
development-1432	TRUE	FALSE
development-1433	TRUE	FALSE
development-1434	FALSE	TRUE
development-1435	TRUE	FALSE
development-1436	FALSE	TRUE
development-1437	TRUE	FALSE
development-1438	TRUE	FALSE
development-1439	TRUE	FALSE
development-1440	FALSE	TRUE
development-1441	FALSE	TRUE
development-1442	TRUE	FALSE
development-1443	FALSE	TRUE
development-1444	FALSE	TRUE
development-1445	TRUE	FALSE
development-1446	TRUE	FALSE
development-1447	FALSE	TRUE
development-1448	TRUE	FALSE
development-1449	TRUE	FALSE
development-1450	FALSE	TRUE
development-1451	TRUE	FALSE
development-1452	FALSE	TRUE
development-1453	TRUE	FALSE
development-1454	TRUE	FALSE
development-1455	FALSE	TRUE
development-1456	FALSE	TRUE
development-1457	FALSE	TRUE
development-1458	FALSE	TRUE
development-1459	FALSE	TRUE
development-1460	TRUE	FALSE
development-1461	FALSE	TRUE
development-1462	FALSE	FALSE
development-1463	FALSE	TRUE
development-1464	FALSE	TRUE
development-1465	FALSE	TRUE
development-1466	TRUE	FALSE
development-1467	TRUE	FALSE
development-1468	TRUE	FALSE
development-1469	FALSE	TRUE
development-1470	TRUE	FALSE
development-1471	FALSE	FALSE
development-1472	TRUE	FALSE
development-1473	FALSE	TRUE
development-1474	TRUE	FALSE
development-1475	FALSE	TRUE
development-1476	TRUE	FALSE
development-1477	TRUE	FALSE
development-1478	TRUE	FALSE
development-1479	TRUE	FALSE
development-1480	FALSE	TRUE
development-1481	FALSE	TRUE
development-1482	TRUE	FALSE
development-1483	FALSE	TRUE
development-1484	FALSE	TRUE
development-1485	TRUE	FALSE
development-1486	FALSE	TRUE
development-1487	TRUE	FALSE
development-1488	TRUE	FALSE
development-1489	FALSE	TRUE
development-1490	FALSE	TRUE
development-1491	FALSE	TRUE
development-1492	FALSE	TRUE
development-1493	TRUE	FALSE
development-1494	FALSE	TRUE
development-1495	FALSE	TRUE
development-1496	TRUE	FALSE
development-1497	FALSE	TRUE
development-1498	TRUE	FALSE
development-1499	FALSE	TRUE
development-1500	FALSE	FALSE
development-1501	TRUE	FALSE
development-1502	FALSE	TRUE
development-1503	FALSE	TRUE
development-1504	TRUE	FALSE
development-1505	TRUE	FALSE
development-1506	FALSE	TRUE
development-1507	FALSE	FALSE
development-1508	FALSE	TRUE
development-1509	TRUE	FALSE
development-1510	FALSE	TRUE
development-1511	TRUE	FALSE
development-1512	FALSE	TRUE
development-1513	TRUE	FALSE
development-1514	FALSE	TRUE
development-1515	FALSE	TRUE
development-1516	FALSE	TRUE
development-1517	TRUE	FALSE
development-1518	FALSE	TRUE
development-1519	FALSE	TRUE
development-1520	TRUE	FALSE
development-1521	TRUE	FALSE
development-1522	TRUE	FALSE
development-1523	FALSE	TRUE
development-1524	FALSE	TRUE
development-1525	TRUE	FALSE
development-1526	TRUE	FALSE
development-1527	FALSE	TRUE
development-1528	FALSE	TRUE
development-1529	TRUE	FALSE
development-1530	TRUE	FALSE
development-1531	TRUE	FALSE
development-1532	FALSE	FALSE
development-1533	FALSE	TRUE
development-1534	TRUE	FALSE
development-1535	FALSE	TRUE
development-1536	TRUE	FALSE
development-1537	FALSE	TRUE
development-1538	TRUE	FALSE
development-1539	TRUE	FALSE
development-1540	TRUE	FALSE
development-1541	FALSE	TRUE
development-1542	TRUE	FALSE
development-1543	TRUE	FALSE
development-1544	TRUE	FALSE
development-1545	FALSE	TRUE
development-1546	TRUE	FALSE
development-1547	FALSE	FALSE
development-1548	TRUE	FALSE
development-1549	FALSE	TRUE
development-1550	TRUE	FALSE
development-1551	TRUE	FALSE
development-1552	FALSE	TRUE
development-1553	FALSE	TRUE
development-1554	TRUE	FALSE
development-1555	FALSE	TRUE
development-1556	TRUE	FALSE
development-1557	FALSE	TRUE
development-1558	FALSE	TRUE
development-1559	FALSE	TRUE
development-1560	FALSE	FALSE
development-1561	TRUE	FALSE
development-1562	TRUE	FALSE
development-1563	FALSE	TRUE
development-1564	TRUE	FALSE
development-1565	TRUE	FALSE
development-1566	FALSE	TRUE
development-1567	FALSE	FALSE
development-1568	TRUE	FALSE
development-1569	TRUE	FALSE
development-1570	TRUE	FALSE
development-1571	FALSE	TRUE
development-1572	FALSE	TRUE
development-1573	FALSE	TRUE
development-1574	TRUE	FALSE
development-1575	FALSE	TRUE
development-1576	FALSE	TRUE
development-1577	FALSE	FALSE
development-1578	TRUE	FALSE
development-1579	TRUE	FALSE
development-1580	FALSE	TRUE
development-1581	TRUE	FALSE
development-1582	FALSE	FALSE
development-1583	FALSE	FALSE
development-1584	FALSE	TRUE
development-1585	TRUE	FALSE
development-1586	FALSE	TRUE
development-1587	FALSE	TRUE
development-1588	FALSE	TRUE
development-1589	FALSE	TRUE
development-1590	TRUE	FALSE
development-1591	TRUE	FALSE
development-1592	FALSE	TRUE
development-1593	TRUE	FALSE
development-1594	TRUE	FALSE
development-1595	FALSE	TRUE
development-1596	TRUE	FALSE
development-1597	FALSE	TRUE
development-1598	FALSE	TRUE
development-1599	TRUE	FALSE
development-1600	TRUE	FALSE
development-1601	TRUE	FALSE
development-1602	FALSE	TRUE
development-1603	FALSE	TRUE
development-1604	TRUE	FALSE
development-1605	FALSE	TRUE
development-1606	FALSE	TRUE
development-1607	FALSE	TRUE
development-1608	FALSE	FALSE
development-1609	FALSE	TRUE
development-1610	TRUE	FALSE
development-1611	FALSE	TRUE
development-1612	FALSE	TRUE
development-1613	TRUE	FALSE
development-1614	TRUE	FALSE
development-1615	FALSE	TRUE
development-1616	TRUE	FALSE
development-1617	TRUE	FALSE
development-1618	FALSE	TRUE
development-1619	FALSE	FALSE
development-1620	FALSE	FALSE
development-1621	FALSE	TRUE
development-1622	FALSE	TRUE
development-1623	FALSE	TRUE
development-1624	FALSE	TRUE
development-1625	TRUE	FALSE
development-1626	FALSE	FALSE
development-1627	FALSE	TRUE
development-1628	TRUE	FALSE
development-1629	TRUE	FALSE
development-1630	FALSE	FALSE
development-1631	FALSE	TRUE
development-1632	FALSE	FALSE
development-1633	TRUE	FALSE
development-1634	FALSE	FALSE
development-1635	TRUE	FALSE
development-1636	TRUE	FALSE
development-1637	FALSE	TRUE
development-1638	FALSE	TRUE
development-1639	FALSE	FALSE
development-1640	TRUE	FALSE
development-1641	FALSE	TRUE
development-1642	FALSE	FALSE
development-1643	FALSE	TRUE
development-1644	FALSE	FALSE
development-1645	TRUE	FALSE
development-1646	TRUE	FALSE
development-1647	TRUE	FALSE
development-1648	FALSE	TRUE
development-1649	FALSE	TRUE
development-1650	FALSE	TRUE
development-1651	FALSE	TRUE
development-1652	TRUE	FALSE
development-1653	TRUE	FALSE
development-1654	TRUE	FALSE
development-1655	TRUE	FALSE
development-1656	FALSE	TRUE
development-1657	FALSE	TRUE
development-1658	FALSE	TRUE
development-1659	FALSE	TRUE
development-1660	FALSE	TRUE
development-1661	TRUE	FALSE
development-1662	TRUE	FALSE
development-1663	TRUE	FALSE
development-1664	TRUE	FALSE
development-1665	FALSE	TRUE
development-1666	TRUE	FALSE
development-1667	TRUE	FALSE
development-1668	TRUE	FALSE
development-1669	FALSE	TRUE
development-1670	TRUE	FALSE
development-1671	TRUE	FALSE
development-1672	FALSE	TRUE
development-1673	TRUE	FALSE
development-1674	FALSE	TRUE
development-1675	FALSE	TRUE
development-1676	TRUE	FALSE
development-1677	FALSE	TRUE
development-1678	TRUE	FALSE
development-1679	TRUE	FALSE
development-1680	TRUE	FALSE
development-1681	TRUE	FALSE
development-1682	FALSE	TRUE
development-1683	FALSE	FALSE
development-1684	FALSE	TRUE
development-1685	TRUE	FALSE
development-1686	FALSE	TRUE
development-1687	FALSE	TRUE
development-1688	TRUE	FALSE
development-1689	FALSE	TRUE
development-1690	TRUE	FALSE
development-1691	FALSE	TRUE
development-1692	TRUE	FALSE
development-1693	FALSE	TRUE
development-1694	TRUE	FALSE
development-1695	FALSE	FALSE
development-1696	FALSE	TRUE
development-1697	FALSE	TRUE
development-1698	FALSE	TRUE
development-1699	FALSE	TRUE
development-1700	FALSE	TRUE
development-1701	FALSE	TRUE
development-1702	FALSE	TRUE
development-1703	FALSE	FALSE
development-1704	FALSE	FALSE
development-1705	TRUE	FALSE
development-1706	TRUE	FALSE
development-1707	FALSE	TRUE
development-1708	FALSE	TRUE
development-1709	FALSE	TRUE
development-1710	TRUE	FALSE
development-1711	TRUE	FALSE
development-1712	FALSE	TRUE
development-1713	TRUE	FALSE
development-1714	FALSE	TRUE
development-1715	TRUE	FALSE
development-1716	TRUE	FALSE
development-1717	FALSE	TRUE
development-1718	FALSE	TRUE
development-1719	TRUE	FALSE
development-1720	FALSE	TRUE
development-1721	FALSE	TRUE
development-1722	TRUE	FALSE
development-1723	TRUE	FALSE
development-1724	FALSE	TRUE
development-1725	FALSE	TRUE
development-1726	FALSE	TRUE
development-1727	TRUE	FALSE
development-1728	FALSE	TRUE
development-1729	FALSE	TRUE
development-1730	FALSE	FALSE
development-1731	TRUE	FALSE
development-1732	TRUE	FALSE
development-1733	FALSE	TRUE
development-1734	TRUE	FALSE
development-1735	TRUE	FALSE
development-1736	TRUE	FALSE
development-1737	TRUE	FALSE
development-1738	FALSE	TRUE
development-1739	TRUE	FALSE
development-1740	FALSE	TRUE
development-1741	TRUE	FALSE
development-1742	FALSE	TRUE
development-1743	TRUE	FALSE
development-1744	FALSE	TRUE
development-1745	FALSE	FALSE
development-1746	TRUE	FALSE
development-1747	FALSE	FALSE
development-1748	FALSE	TRUE
development-1749	FALSE	TRUE
development-1750	TRUE	FALSE
development-1751	FALSE	FALSE
development-1752	TRUE	FALSE
development-1753	FALSE	FALSE
development-1754	FALSE	FALSE
development-1755	TRUE	FALSE
development-1756	FALSE	FALSE
development-1757	TRUE	FALSE
development-1758	FALSE	TRUE
development-1759	TRUE	FALSE
development-1760	FALSE	TRUE
development-1761	TRUE	FALSE
development-1762	FALSE	TRUE
development-1763	FALSE	TRUE
development-1764	TRUE	FALSE
development-1765	TRUE	FALSE
development-1766	TRUE	FALSE
development-1767	FALSE	TRUE
development-1768	TRUE	FALSE
development-1769	TRUE	FALSE
development-1770	FALSE	TRUE
development-1771	TRUE	FALSE
development-1772	FALSE	TRUE
development-1773	TRUE	FALSE
development-1774	TRUE	FALSE
development-1775	TRUE	FALSE
development-1776	FALSE	TRUE
development-1777	FALSE	FALSE
development-1778	TRUE	FALSE
development-1779	FALSE	TRUE
development-1780	TRUE	FALSE
development-1781	TRUE	FALSE
development-1782	FALSE	TRUE
development-1783	FALSE	TRUE
development-1784	FALSE	TRUE
development-1785	FALSE	TRUE
development-1786	FALSE	TRUE
development-1787	FALSE	TRUE
development-1788	TRUE	FALSE
development-1789	TRUE	FALSE
development-1790	TRUE	FALSE
development-1791	FALSE	TRUE
development-1792	FALSE	TRUE
development-1793	FALSE	TRUE
development-1794	FALSE	TRUE
development-1795	FALSE	TRUE
development-1796	FALSE	TRUE
development-1797	TRUE	FALSE
development-1798	FALSE	TRUE
development-1799	FALSE	TRUE
development-1800	TRUE	FALSE
development-1801	FALSE	TRUE
development-1802	FALSE	TRUE
development-1803	FALSE	TRUE
development-1804	FALSE	TRUE
development-1805	TRUE	FALSE
development-1806	FALSE	TRUE
development-1807	TRUE	FALSE
development-1808	TRUE	FALSE
development-1809	TRUE	FALSE
development-1810	FALSE	TRUE
development-1811	FALSE	FALSE
development-1812	FALSE	TRUE
development-1813	TRUE	FALSE
development-1814	FALSE	TRUE
development-1815	TRUE	FALSE
development-1816	FALSE	TRUE
development-1817	FALSE	TRUE
development-1818	FALSE	TRUE
development-1819	FALSE	FALSE
development-1820	TRUE	FALSE
development-1821	FALSE	TRUE
development-1822	TRUE	FALSE
development-1823	FALSE	TRUE
development-1824	TRUE	FALSE
development-1825	FALSE	TRUE
development-1826	TRUE	FALSE
development-1827	TRUE	FALSE
development-1828	FALSE	TRUE
development-1829	FALSE	FALSE
development-1830	FALSE	TRUE
development-1831	TRUE	FALSE
development-1832	TRUE	FALSE
development-1833	FALSE	TRUE
development-1834	FALSE	TRUE
development-1835	FALSE	TRUE
development-1836	TRUE	FALSE
development-1837	FALSE	FALSE
development-1838	TRUE	FALSE
development-1839	TRUE	FALSE
development-1840	TRUE	FALSE
development-1841	FALSE	FALSE
development-1842	TRUE	FALSE
development-1843	FALSE	TRUE
development-1844	FALSE	TRUE
development-1845	FALSE	TRUE
development-1846	FALSE	TRUE
development-1847	TRUE	FALSE
development-1848	FALSE	TRUE
development-1849	TRUE	FALSE
development-1850	TRUE	FALSE
development-1851	TRUE	FALSE
development-1852	FALSE	TRUE
development-1853	FALSE	TRUE
development-1854	FALSE	TRUE
development-1855	FALSE	TRUE
development-1856	FALSE	TRUE
development-1857	FALSE	FALSE
development-1858	TRUE	FALSE
development-1859	FALSE	TRUE
development-1860	TRUE	FALSE
development-1861	TRUE	FALSE
development-1862	TRUE	FALSE
development-1863	FALSE	FALSE
development-1864	TRUE	FALSE
development-1865	TRUE	FALSE
development-1866	FALSE	TRUE
development-1867	FALSE	TRUE
development-1868	FALSE	TRUE
development-1869	TRUE	FALSE
development-1870	FALSE	FALSE
development-1871	TRUE	FALSE
development-1872	TRUE	FALSE
development-1873	FALSE	TRUE
development-1874	FALSE	TRUE
development-1875	TRUE	FALSE
development-1876	TRUE	FALSE
development-1877	TRUE	FALSE
development-1878	TRUE	FALSE
development-1879	TRUE	FALSE
development-1880	FALSE	TRUE
development-1881	TRUE	FALSE
development-1882	FALSE	TRUE
development-1883	FALSE	TRUE
development-1884	TRUE	FALSE
development-1885	TRUE	FALSE
development-1886	TRUE	FALSE
development-1887	FALSE	TRUE
development-1888	TRUE	FALSE
development-1889	TRUE	FALSE
development-1890	FALSE	TRUE
development-1891	TRUE	FALSE
development-1892	TRUE	FALSE
development-1893	FALSE	TRUE
development-1894	FALSE	TRUE
development-1895	FALSE	TRUE
development-1896	TRUE	FALSE
development-1897	FALSE	TRUE
development-1898	TRUE	FALSE
development-1899	FALSE	TRUE
development-1900	FALSE	TRUE
development-1901	FALSE	TRUE
development-1902	FALSE	TRUE
development-1903	FALSE	TRUE
development-1904	TRUE	FALSE
development-1905	TRUE	FALSE
development-1906	FALSE	TRUE
development-1907	FALSE	TRUE
development-1908	TRUE	FALSE
development-1909	TRUE	FALSE
development-1910	FALSE	TRUE
development-1911	TRUE	FALSE
development-1912	FALSE	FALSE
development-1913	TRUE	FALSE
development-1914	FALSE	TRUE
development-1915	TRUE	FALSE
development-1916	FALSE	TRUE
development-1917	TRUE	FALSE
development-1918	TRUE	FALSE
development-1919	FALSE	TRUE
development-1920	FALSE	FALSE
development-1921	TRUE	FALSE
development-1922	FALSE	FALSE
development-1923	FALSE	TRUE
development-1924	TRUE	FALSE
development-1925	FALSE	TRUE
development-1926	FALSE	FALSE
development-1927	TRUE	FALSE
development-1928	TRUE	FALSE
development-1929	FALSE	TRUE
development-1930	TRUE	FALSE
development-1931	TRUE	FALSE
development-1932	FALSE	FALSE
development-1933	TRUE	FALSE
development-1934	FALSE	TRUE
development-1935	TRUE	FALSE
development-1936	FALSE	TRUE
development-1937	FALSE	TRUE
development-1938	FALSE	FALSE
development-1939	FALSE	TRUE
development-1940	FALSE	TRUE
development-1941	FALSE	TRUE
development-1942	FALSE	TRUE
development-1943	FALSE	TRUE
development-1944	FALSE	TRUE
development-1945	FALSE	TRUE
development-1946	FALSE	TRUE
development-1947	FALSE	TRUE
development-1948	FALSE	TRUE
development-1949	FALSE	FALSE
development-1950	FALSE	FALSE
development-1951	FALSE	TRUE
development-1952	FALSE	FALSE
development-1953	FALSE	TRUE
development-1954	FALSE	TRUE
development-1955	FALSE	TRUE
development-1956	FALSE	TRUE
development-1957	FALSE	TRUE
development-1958	TRUE	FALSE
development-1959	FALSE	TRUE
development-1960	FALSE	TRUE
development-1961	TRUE	FALSE
development-1962	FALSE	FALSE
development-1963	FALSE	TRUE
development-1964	FALSE	TRUE
development-1965	TRUE	FALSE
development-1966	FALSE	TRUE
development-1967	TRUE	FALSE
development-1968	TRUE	FALSE
development-1969	TRUE	FALSE
development-1970	TRUE	FALSE
development-1971	FALSE	TRUE
development-1972	TRUE	FALSE
development-1973	FALSE	TRUE
development-1974	FALSE	TRUE
development-1975	FALSE	TRUE
development-1976	TRUE	FALSE
development-1977	FALSE	TRUE
development-1978	FALSE	TRUE
development-1979	TRUE	FALSE
development-1980	TRUE	FALSE
development-1981	TRUE	FALSE
development-1982	FALSE	TRUE
development-1983	TRUE	FALSE
development-1984	FALSE	FALSE
development-1985	TRUE	FALSE
development-1986	FALSE	FALSE
development-1987	FALSE	FALSE
development-1988	TRUE	FALSE
development-1989	TRUE	FALSE
development-1990	TRUE	FALSE
development-1991	FALSE	FALSE
development-1992	FALSE	TRUE
development-1993	TRUE	FALSE
development-1994	TRUE	FALSE
development-1995	FALSE	TRUE
development-1996	FALSE	TRUE
development-1997	FALSE	TRUE
development-1998	TRUE	FALSE
development-1999	TRUE	FALSE
development-2000	FALSE	TRUE
